{
    "accuracy": 0.9952380952380953,
    "per_class": {
        "bass": {
            "precision": 1.0,
            "recall": 1.0,
            "f1-score": 1.0,
            "support": 30.0
        },
        "brass": {
            "precision": 0.967741935483871,
            "recall": 1.0,
            "f1-score": 0.9836065573770492,
            "support": 30.0
        },
        "flute": {
            "precision": 1.0,
            "recall": 1.0,
            "f1-score": 1.0,
            "support": 30.0
        },
        "guitar": {
            "precision": 1.0,
            "recall": 1.0,
            "f1-score": 1.0,
            "support": 30.0
        },
        "keyboard": {
            "precision": 1.0,
            "recall": 1.0,
            "f1-score": 1.0,
            "support": 30.0
        },
        "organ": {
            "precision": 1.0,
            "recall": 1.0,
            "f1-score": 1.0,
            "support": 30.0
        },
        "string": {
            "precision": 1.0,
            "recall": 0.9666666666666667,
            "f1-score": 0.9830508474576272,
            "support": 30.0
        },
        "accuracy": 0.9952380952380953,
        "macro avg": {
            "precision": 0.9953917050691244,
            "recall": 0.9952380952380953,
            "f1-score": 0.9952367721192396,
            "support": 210.0
        },
        "weighted avg": {
            "precision": 0.9953917050691244,
            "recall": 0.9952380952380953,
            "f1-score": 0.9952367721192397,
            "support": 210.0
        }
    },
    "confusion_matrix": [
        [
            30,
            0,
            0,
            0,
            0,
            0,
            0
        ],
        [
            0,
            30,
            0,
            0,
            0,
            0,
            0
        ],
        [
            0,
            0,
            30,
            0,
            0,
            0,
            0
        ],
        [
            0,
            0,
            0,
            30,
            0,
            0,
            0
        ],
        [
            0,
            0,
            0,
            0,
            30,
            0,
            0
        ],
        [
            0,
            0,
            0,
            0,
            0,
            30,
            0
        ],
        [
            0,
            1,
            0,
            0,
            0,
            0,
            29
        ]
    ]
}