{
    "accuracy": 0.8390461997019374,
    "precision": 0.8404698750106708,
    "recall": 0.8390461997019374,
    "f1_score": 0.8381430559091106,
    "classification_report": {
        "cel": {
            "precision": 0.7567567567567568,
            "recall": 0.717948717948718,
            "f1-score": 0.7368421052631579,
            "support": 39.0
        },
        "cla": {
            "precision": 0.851063829787234,
            "recall": 0.8,
            "f1-score": 0.8247422680412371,
            "support": 50.0
        },
        "flu": {
            "precision": 0.8333333333333334,
            "recall": 0.8888888888888888,
            "f1-score": 0.8602150537634409,
            "support": 45.0
        },
        "gac": {
            "precision": 0.8615384615384616,
            "recall": 0.875,
            "f1-score": 0.8682170542635659,
            "support": 64.0
        },
        "gel": {
            "precision": 0.7325581395348837,
            "recall": 0.8289473684210527,
            "f1-score": 0.7777777777777778,
            "support": 76.0
        },
        "org": {
            "precision": 0.8767123287671232,
            "recall": 0.9411764705882353,
            "f1-score": 0.9078014184397163,
            "support": 68.0
        },
        "pia": {
            "precision": 0.9090909090909091,
            "recall": 0.8333333333333334,
            "f1-score": 0.8695652173913043,
            "support": 72.0
        },
        "sax": {
            "precision": 0.8275862068965517,
            "recall": 0.7619047619047619,
            "f1-score": 0.7933884297520661,
            "support": 63.0
        },
        "tru": {
            "precision": 0.8064516129032258,
            "recall": 0.8620689655172413,
            "f1-score": 0.8333333333333334,
            "support": 58.0
        },
        "vio": {
            "precision": 0.8333333333333334,
            "recall": 0.6896551724137931,
            "f1-score": 0.7547169811320755,
            "support": 58.0
        },
        "voi": {
            "precision": 0.9135802469135802,
            "recall": 0.9487179487179487,
            "f1-score": 0.9308176100628931,
            "support": 78.0
        },
        "accuracy": 0.8390461997019374,
        "macro avg": {
            "precision": 0.8365459235323086,
            "recall": 0.8316037843394521,
            "f1-score": 0.8324924772018698,
            "support": 671.0
        },
        "weighted avg": {
            "precision": 0.8404698750106708,
            "recall": 0.8390461997019374,
            "f1-score": 0.8381430559091106,
            "support": 671.0
        }
    }
}